Workbook

Sheet Employees
A1: EmployeeID | B1: FirstName | C1: LastName | D1: Gender | E1: Age | F1: DepartmentID | G1: JobTitle | H1: HireDate | I1: Salary | J1: City | K1: Email | L1: Status | M1: Department (XLook) | N1: Rating | O1: Bonus | R1: Questions
A2: E0001 | B2: Amit | C2: Dutta | D2: Female | E2: 30 | F2: D01 | G2: Analyst | H2: 43517 | I2: 105257 | J2: Kolkata | K2: amit.dutta1@example.com | L2: Active | M2: =_xlfn.XLOOKUP(F2,Department!$A$2:$A$6,Department!$B$2:$B$6) -> HR | N2: =_xlfn.XLOOKUP(A2,Performance!$A$2:$A$501,Performance!$C$2:$C$501) -> 1 | O2: {=_xlfn.IFS(N2=5,I2*15%,N2=4,I2*10%,N2=3,I2*7%,N2<3,I2*5%)} -> 5262.85 | R2: 1. In Employee sheet fetch the department name from department worksheet using XLOOKUP.
A3: E0002 | B3: Amit | C3: Roy | D3: Male | E3: 48 | F3: D03 | G3: Executive | H3: 44548 | I3: 97903 | J3: Kolkata | K3: amit.roy2@example.com | L3: Active | M3: =_xlfn.XLOOKUP(F3,Department!$A$2:$A$6,Department!$B$2:$B$6) -> IT | N3: =_xlfn.XLOOKUP(A3,Performance!$A$2:$A$501,Performance!$C$2:$C$501) -> 4 | O3: {=_xlfn.IFS(N3=5,I3*15%,N3=4,I3*10%,N3=3,I3*7%,N3<3,I3*5%)} -> 9790.3 | R3: 2. Fetch Rating from performance worksheet to employee worksheet.
A4: E0003 | B4: Rohit | C4: Roy | D4: Male | E4: 48 | F4: D04 | G4: Coordinator | H4: 44037 | I4: 73429 | J4: Pune | K4: rohit.roy3@example.com | L4: Inactive | M4: =_xlfn.XLOOKUP(F4,Department!$A$2:$A$6,Department!$B$2:$B$6) -> Sales | N4: =_xlfn.XLOOKUP(A4,Performance!$A$2:$A$501,Performance!$C$2:$C$501) -> 2 | O4: {=_xlfn.IFS(N4=5,I4*15%,N4=4,I4*10%,N4=3,I4*7%,N4<3,I4*5%)} -> 3671.45 | R4: 3. calculate bonus if rating is 5 then bonus will be 15% of salary, if rating is 4 then bonus will be 10%, if rating is 3, bonus will be 7% and for rating less than 3, bonus will be 5%.
A5: E0004 | B5: David | C5: Dutta | D5: Female | E5: 50 | F5: D05 | G5: Manager | H5: 44413 | I5: 99336 | J5: Pune | K5: david.dutta4@example.com | L5: Active | M5: =_xlfn.XLOOKUP(F5,Department!$A$2:$A$6,Department!$B$2:$B$6) -> Marketing | N5: =_xlfn.XLOOKUP(A5,Performance!$A$2:$A$501,Performance!$C$2:$C$501) -> 4 | O5: {=_xlfn.IFS(N5=5,I5*15%,N5=4,I5*10%,N5=3,I5*7%,N5<3,I5*5%)} -> 9933.6 | R5: 4. In Department worksheet, find department wise average salary.
A6: E0005 | B6: Jane | C6: Ghosh | D6: Male | E6: 60 | F6: D01 | G6: Coordinator | H6: 43990 | I6: 105020 | J6: Pune | K6: jane.ghosh5@example.com | L6: Active | M6: =_xlfn.XLOOKUP(F6,Department!$A$2:$A$6,Department!$B$2:$B$6) -> HR | N6: =_xlfn.XLOOKUP(A6,Performance!$A$2:$A$501,Performance!$C$2:$C$501) -> 2 | O6: {=_xlfn.IFS(N6=5,I6*15%,N6=4,I6*10%,N6=3,I6*7%,N6<3,I6*5%)} -> 5251 | R6: 5. count active employees.
A7: E0006 | B7: Rahul | C7: Dutta | D7: Male | E7: 33 | F7: D02 | G7: Coordinator | H7: 43681 | I7: 93173 | J7: Pune | K7: rahul.dutta6@example.com | L7: Active | M7: =_xlfn.XLOOKUP(F7,Department!$A$2:$A$6,Department!$B$2:$B$6) -> Finance | N7: =_xlfn.XLOOKUP(A7,Performance!$A$2:$A$501,Performance!$C$2:$C$501) -> 3 | O7: {=_xlfn.IFS(N7=5,I7*15%,N7=4,I7*10%,N7=3,I7*7%,N7<3,I7*5%)} -> 6522.11 | R7: Active Employees
A8: E0007 | B8: Sara | C8: Ghosh | D8: Male | E8: 52 | F8: D05 | G8: Analyst | H8: 44219 | I8: 106626 | J8: Pune | K8: sara.ghosh7@example.com | L8: Active | M8: =_xlfn.XLOOKUP(F8,Department!$A$2:$A$6,Department!$B$2:$B$6) -> Marketing | N8: =_xlfn.XLOOKUP(A8,Performance!$A$2:$A$501,Performance!$C$2:$C$501) -> 2 | O8: {=_xlfn.IFS(N8=5,I8*15%,N8=4,I8*10%,N8=3,I8*7%,N8<3,I8*5%)} -> 5331.3 | R8: =COUNTIF(L2:L501,"Active") -> 237
A9: E0008 | B9: John | C9: Dutta | D9: Female | E9: 42 | F9: D02 | G9: Manager | H9: 43978 | I9: 114547 | J9: Delhi | K9: john.dutta8@example.com | L9: Inactive | M9: =_xlfn.XLOOKUP(F9,Department!$A$2:$A$6,Department!$B$2:$B$6) -> Finance | N9: =_xlfn.XLOOKUP(A9,Performance!$A$2:$A$501,Performance!$C$2:$C$501) -> 1 | O9: {=_xlfn.IFS(N9=5,I9*15%,N9=4,I9*10%,N9=3,I9*7%,N9<3,I9*5%)} -> 5727.35 | R9: 6. Highlight employees earning greater than 1Lakh.
A10: E0009 | B10: John | C10: Singh | D10: Female | E10: 40 | F10: D01 | G10: Coordinator | H10: 44681 | I10: 51139 | J10: Bengaluru | K10: john.singh9@example.com | L10: Inactive | M10: =_xlfn.XLOOKUP(F10,Department!$A$2:$A$6,Department!$B$2:$B$6) -> HR | N10: =_xlfn.XLOOKUP(A10,Performance!$A$2:$A$501,Performance!$C$2:$C$501) -> 4 | O10: {=_xlfn.IFS(N10=5,I10*15%,N10=4,I10*10%,N10=3,I10*7%,N10<3,I10*5%)} -> 5113.9 | R10: 7. Highlight the employees hired before 2020.
A11: E0010 | B11: Amit | C11: Roy | D11: Female | E11: 25 | F11: D05 | G11: Analyst | H11: 43457 | I11: 60673 | J11: Bengaluru | K11: amit.roy10@example.com | L11: Inactive | M11: =_xlfn.XLOOKUP(F11,Department!$A$2:$A$6,Department!$B$2:$B$6) -> Marketing | N11: =_xlfn.XLOOKUP(A11,Performance!$A$2:$A$501,Performance!$C$2:$C$501) -> 5 | O11: {=_xlfn.IFS(N11=5,I11*15%,N11=4,I11*10%,N11=3,I11*7%,N11<3,I11*5%)} -> 9100.95 | R11: 8. Filter the employees with job title "Analyst" and City is "Kolkata".
A12: E0011 | B12: Anita | C12: Roy | D12: Female | E12: 25 | F12: D05 | G12: Coordinator | H12: 44356 | I12: 65690 | J12: Kolkata | K12: anita.roy11@example.com | L12: Inactive | M12: =_xlfn.XLOOKUP(F12,Department!$A$2:$A$6,Department!$B$2:$B$6) -> Marketing | N12: =_xlfn.XLOOKUP(A12,Performance!$A$2:$A$501,Performance!$C$2:$C$501) -> 3 | O12: {=_xlfn.IFS(N12=5,I12*15%,N12=4,I12*10%,N12=3,I12*7%,N12<3,I12*5%)} -> 4598.3 | R12: JobTitle | S12: City | T12: <- solved in filter sheet
A13: E0012 | B13: Rohit | C13: Ghosh | D13: Male | E13: 49 | F13: D03 | G13: Executive | H13: 43520 | I13: 63823 | J13: Bengaluru | K13: rohit.ghosh12@example.com | L13: Active | M13: =_xlfn.XLOOKUP(F13,Department!$A$2:$A$6,Department!$B$2:$B$6) -> IT | N13: =_xlfn.XLOOKUP(A13,Performance!$A$2:$A$501,Performance!$C$2:$C$501) -> 2 | O13: {=_xlfn.IFS(N13=5,I13*15%,N13=4,I13*10%,N13=3,I13*7%,N13<3,I13*5%)} -> 3191.15 | R13: Analyst | S13: Kolkata
A14: E0013 | B14: Rohit | C14: Khan | D14: Female | E14: 56 | F14: D05 | G14: Analyst | H14: 44651 | I14: 49557 | J14: Mumbai | K14: rohit.khan13@example.com | L14: Inactive | M14: =_xlfn.XLOOKUP(F14,Department!$A$2:$A$6,Department!$B$2:$B$6) -> Marketing | N14: =_xlfn.XLOOKUP(A14,Performance!$A$2:$A$501,Performance!$C$2:$C$501) -> 3 | O14: {=_xlfn.IFS(N14=5,I14*15%,N14=4,I14*10%,N14=3,I14*7%,N14<3,I14*5%)} -> 3468.99
A15: E0014 | B15: Rohit | C15: Sen | D15: Male | E15: 44 | F15: D01 | G15: Coordinator | H15: 44827 | I15: 116901 | J15: Bengaluru | K15: rohit.sen14@example.com | L15: Active | M15: =_xlfn.XLOOKUP(F15,Department!$A$2:$A$6,Department!$B$2:$B$6) -> HR | N15: =_xlfn.XLOOKUP(A15,Performance!$A$2:$A$501,Performance!$C$2:$C$501) -> 2 | O15: {=_xlfn.IFS(N15=5,I15*15%,N15=4,I15*10%,N15=3,I15*7%,N15<3,I15*5%)} -> 5845.05
A16: E0015 | B16: David | C16: Sen | D16: Female | E16: 55 | F16: D02 | G16: Analyst | H16: 43284 | I16: 85190 | J16: Delhi | K16: david.sen15@example.com | L16: Inactive | M16: =_xlfn.XLOOKUP(F16,Department!$A$2:$A$6,Department!$B$2:$B$6) -> Finance | N16: =_xlfn.XLOOKUP(A16,Performance!$A$2:$A$501,Performance!$C$2:$C$501) -> 4 | O16: {=_xlfn.IFS(N16=5,I16*15%,N16=4,I16*10%,N16=3,I16*7%,N16<3,I16*5%)} -> 8519
A17: E0016 | B17: Sara | C17: Paul | D17: Female | E17: 30 | F17: D04 | G17: Coordinator | H17: 45393 | I17: 95723 | J17: Bengaluru | K17: sara.paul16@example.com | L17: Inactive | M17: =_xlfn.XLOOKUP(F17,Department!$A$2:$A$6,Department!$B$2:$B$6) -> Sales | N17: =_xlfn.XLOOKUP(A17,Performance!$A$2:$A$501,Performance!$C$2:$C$501) -> 2 | O17: {=_xlfn.IFS(N17=5,I17*15%,N17=4,I17*10%,N17=3,I17*7%,N17<3,I17*5%)} -> 4786.15
A18: E0017 | B18: Priya | C18: Smith | D18: Female | E18: 51 | F18: D04 | G18: Executive | H18: 43578 | I18: 35234 | J18: Delhi | K18: priya.smith17@example.com | L18: Inactive | M18: =_xlfn.XLOOKUP(F18,Department!$A$2:$A$6,Department!$B$2:$B$6) -> Sales | N18: =_xlfn.XLOOKUP(A18,Performance!$A$2:$A$501,Performance!$C$2:$C$501) -> 1 | O18: {=_xlfn.IFS(N18=5,I18*15%,N18=4,I18*10%,N18=3,I18*7%,N18<3,I18*5%)} -> 1761.7
A19: E0018 | B19: John | C19: Roy | D19: Male | E19: 38 | F19: D01 | G19: Executive | H19: 43291 | I19: 102733 | J19: Kolkata | K19: john.roy18@example.com | L19: Inactive | M19: =_xlfn.XLOOKUP(F19,Department!$A$2:$A$6,Department!$B$2:$B$6) -> HR | N19: =_xlfn.XLOOKUP(A19,Performance!$A$2:$A$501,Performance!$C$2:$C$501) -> 4 | O19: {=_xlfn.IFS(N19=5,I19*15%,N19=4,I19*10%,N19=3,I19*7%,N19<3,I19*5%)} -> 10273.3
A20: E0019 | B20: Rohit | C20: Khan | D20: Female | E20: 46 | F20: D01 | G20: Manager | H20: 44789 | I20: 76829 | J20: Bengaluru | K20: rohit.khan19@example.com | L20: Active | M20: =_xlfn.XLOOKUP(F20,Department!$A$2:$A$6,Department!$B$2:$B$6) -> HR | N20: =_xlfn.XLOOKUP(A20,Performance!$A$2:$A$501,Performance!$C$2:$C$501) -> 5 | O20: {=_xlfn.IFS(N20=5,I20*15%,N20=4,I20*10%,N20=3,I20*7%,N20<3,I20*5%)} -> 11524.35
A21: E0020 | B21: Priya | C21: Dutta | D21: Male | E21: 60 | F21: D05 | G21: Coordinator | H21: 43181 | I21: 69718 | J21: Pune | K21: priya.dutta20@example.com | L21: Inactive | M21: =_xlfn.XLOOKUP(F21,Department!$A$2:$A$6,Department!$B$2:$B$6) -> Marketing | N21: =_xlfn.XLOOKUP(A21,Performance!$A$2:$A$501,Performance!$C$2:$C$501) -> 5 | O21: {=_xlfn.IFS(N21=5,I21*15%,N21=4,I21*10%,N21=3,I21*7%,N21<3,I21*5%)} -> 10457.7
A22: E0021 | B22: Priya | C22: Sen | D22: Female | E22: 24 | F22: D04 | G22: Specialist | H22: 44461 | I22: 90834 | J22: Mumbai | K22: priya.sen21@example.com | L22: Active | M22: =_xlfn.XLOOKUP(F22,Department!$A$2:$A$6,Department!$B$2:$B$6) -> Sales | N22: =_xlfn.XLOOKUP(A22,Performance!$A$2:$A$501,Performance!$C$2:$C$501) -> 1 | O22: {=_xlfn.IFS(N22=5,I22*15%,N22=4,I22*10%,N22=3,I22*7%,N22<3,I22*5%)} -> 4541.7
A23: E0022 | B23: Amit | C23: Dutta | D23: Male | E23: 51 | F23: D01 | G23: Specialist | H23: 44884 | I23: 51631 | J23: Bengaluru | K23: amit.dutta22@example.com | L23: Inactive | M23: =_xlfn.XLOOKUP(F23,Department!$A$2:$A$6,Department!$B$2:$B$6) -> HR | N23: =_xlfn.XLOOKUP(A23,Performance!$A$2:$A$501,Performance!$C$2:$C$501) -> 5 | O23: {=_xlfn.IFS(N23=5,I23*15%,N23=4,I23*10%,N23=3,I23*7%,N23<3,I23*5%)} -> 7744.65
A24: E0023 | B24: Anita | C24: Singh | D24: Male | E24: 45 | F24: D04 | G24: Executive | H24: 44552 | I24: 51414 | J24: Bengaluru | K24: anita.singh23@example.com | L24: Active | M24: =_xlfn.XLOOKUP(F24,Department!$A$2:$A$6,Department!$B$2:$B$6) -> Sales | N24: =_xlfn.XLOOKUP(A24,Performance!$A$2:$A$501,Performance!$C$2:$C$501) -> 3 | O24: {=_xlfn.IFS(N24=5,I24*15%,N24=4,I24*10%,N24=3,I24*7%,N24<3,I24*5%)} -> 3598.98
A25: E0024 | B25: Jane | C25: Singh | D25: Male | E25: 35 | F25: D02 | G25: Analyst | H25: 43624 | I25: 79578 | J25: Kolkata | K25: jane.singh24@example.com | L25: Inactive | M25: =_xlfn.XLOOKUP(F25,Department!$A$2:$A$6,Department!$B$2:$B$6) -> Finance | N25: =_xlfn.XLOOKUP(A25,Performance!$A$2:$A$501,Performance!$C$2:$C$501) -> 4 | O25: {=_xlfn.IFS(N25=5,I25*15%,N25=4,I25*10%,N25=3,I25*7%,N25<3,I25*5%)} -> 7957.8
... A501: E0500 | B501: David | C501: Singh | D501: Male | E501: 58 | F501: D05 | G501: Executive | H501: 44211 | I501: 42662 | J501: Bengaluru | K501: david.singh500@example.com | L501: Active | M501: =_xlfn.XLOOKUP(F501,Department!$A$2:$A$6,Department!$B$2:$B$6) -> Marketing | N501: =_xlfn.XLOOKUP(A501,Performance!$A$2:$A$501,Performance!$C$2:$C$501) -> 3 | O501: {=_xlfn.IFS(N501=5,I501*15%,N501=4,I501*10%,N501=3,I501*7%,N501<3,I501*5%)} -> 2986.34

Sheet Department
A1: DepartmentID | B1: DepartmentName | C1: Manager | D1: Average Salary
A2: D01 | B2: HR | C2: Alice | D2: =AVERAGEIF(Employees!$F$2:$F$501,A2,Employees!$I$2:$I$501) -> 79005.776
A3: D02 | B3: Finance | C3: Bob | D3: =AVERAGEIF(Employees!$F$2:$F$501,A3,Employees!$I$2:$I$501) -> 80100.778
A4: D03 | B4: IT | C4: Carol | D4: =AVERAGEIF(Employees!$F$2:$F$501,A4,Employees!$I$2:$I$501) -> 78230.108
A5: D04 | B5: Sales | C5: Dan | D5: =AVERAGEIF(Employees!$F$2:$F$501,A5,Employees!$I$2:$I$501) -> 76510.454
A6: D05 | B6: Marketing | C6: Eva | D6: =AVERAGEIF(Employees!$F$2:$F$501,A6,Employees!$I$2:$I$501) -> 74376.867

Sheet Performance
A1: EmployeeID | B1: ReviewYear | C1: Rating | D1: TrainingHours | E1: ProjectsCompleted
A2: E0001 | B2: 2026 | C2: 1 | D2: 4 | E2: 2
A3: E0002 | B3: 2026 | C3: 4 | D3: 5 | E3: 7
A4: E0003 | B4: 2026 | C4: 2 | D4: 29 | E4: 5
A5: E0004 | B5: 2026 | C5: 4 | D5: 18 | E5: 6
A6: E0005 | B6: 2026 | C6: 2 | D6: 48 | E6: 2
A7: E0006 | B7: 2026 | C7: 3 | D7: 14 | E7: 5
A8: E0007 | B8: 2026 | C8: 2 | D8: 19 | E8: 3
A9: E0008 | B9: 2026 | C9: 1 | D9: 4 | E9: 2
A10: E0009 | B10: 2026 | C10: 4 | D10: 59 | E10: 0
A11: E0010 | B11: 2026 | C11: 5 | D11: 27 | E11: 2
A12: E0011 | B12: 2026 | C12: 3 | D12: 42 | E12: 3
A13: E0012 | B13: 2026 | C13: 2 | D13: 59 | E13: 3
... A501: E0500 | B501: 2026 | C501: 3 | D501: 47 | E501: 8

Sheet Question 6
A1: EmployeeID | B1: FirstName | C1: LastName | D1: Gender | E1: Age | F1: DepartmentID | G1: JobTitle | H1: HireDate | I1: Salary | J1: City | K1: Email | L1: Status | M1: Department (XLook) | N1: Rating | O1: Bonus
A2: E0001 | B2: Amit | C2: Dutta | D2: Female | E2: 30 | F2: D01 | G2: Analyst | H2: 43517 | I2: 105257 | J2: Kolkata | K2: amit.dutta1@example.com | L2: Active | M2: =_xlfn.XLOOKUP(F2,Department!$A$2:$A$6,Department!$B$2:$B$6) -> HR | N2: =_xlfn.XLOOKUP(A2,Performance!$A$2:$A$501,Performance!$C$2:$C$501) -> 1 | O2: {=_xlfn.IFS(N2=5,I2*15%,N2=4,I2*10%,N2=3,I2*7%,N2<3,I2*5%)} -> 5262.85
A3: E0002 | B3: Amit | C3: Roy | D3: Male | E3: 48 | F3: D03 | G3: Executive | H3: 44548 | I3: 97903 | J3: Kolkata | K3: amit.roy2@example.com | L3: Active | M3: =_xlfn.XLOOKUP(F3,Department!$A$2:$A$6,Department!$B$2:$B$6) -> IT | N3: =_xlfn.XLOOKUP(A3,Performance!$A$2:$A$501,Performance!$C$2:$C$501) -> 4 | O3: {=_xlfn.IFS(N3=5,I3*15%,N3=4,I3*10%,N3=3,I3*7%,N3<3,I3*5%)} -> 9790.3
A4: E0003 | B4: Rohit | C4: Roy | D4: Male | E4: 48 | F4: D04 | G4: Coordinator | H4: 44037 | I4: 73429 | J4: Pune | K4: rohit.roy3@example.com | L4: Inactive | M4: =_xlfn.XLOOKUP(F4,Department!$A$2:$A$6,Department!$B$2:$B$6) -> Sales | N4: =_xlfn.XLOOKUP(A4,Performance!$A$2:$A$501,Performance!$C$2:$C$501) -> 2 | O4: {=_xlfn.IFS(N4=5,I4*15%,N4=4,I4*10%,N4=3,I4*7%,N4<3,I4*5%)} -> 3671.45
A5: E0004 | B5: David | C5: Dutta | D5: Female | E5: 50 | F5: D05 | G5: Manager | H5: 44413 | I5: 99336 | J5: Pune | K5: david.dutta4@example.com | L5: Active | M5: =_xlfn.XLOOKUP(F5,Department!$A$2:$A$6,Department!$B$2:$B$6) -> Marketing | N5: =_xlfn.XLOOKUP(A5,Performance!$A$2:$A$501,Performance!$C$2:$C$501) -> 4 | O5: {=_xlfn.IFS(N5=5,I5*15%,N5=4,I5*10%,N5=3,I5*7%,N5<3,I5*5%)} -> 9933.6
A6: E0005 | B6: Jane | C6: Ghosh | D6: Male | E6: 60 | F6: D01 | G6: Coordinator | H6: 43990 | I6: 105020 | J6: Pune | K6: jane.ghosh5@example.com | L6: Active | M6: =_xlfn.XLOOKUP(F6,Department!$A$2:$A$6,Department!$B$2:$B$6) -> HR | N6: =_xlfn.XLOOKUP(A6,Performance!$A$2:$A$501,Performance!$C$2:$C$501) -> 2 | O6: {=_xlfn.IFS(N6=5,I6*15%,N6=4,I6*10%,N6=3,I6*7%,N6<3,I6*5%)} -> 5251
A7: E0006 | B7: Rahul | C7: Dutta | D7: Male | E7: 33 | F7: D02 | G7: Coordinator | H7: 43681 | I7: 93173 | J7: Pune | K7: rahul.dutta6@example.com | L7: Active | M7: =_xlfn.XLOOKUP(F7,Department!$A$2:$A$6,Department!$B$2:$B$6) -> Finance | N7: =_xlfn.XLOOKUP(A7,Performance!$A$2:$A$501,Performance!$C$2:$C$501) -> 3 | O7: {=_xlfn.IFS(N7=5,I7*15%,N7=4,I7*10%,N7=3,I7*7%,N7<3,I7*5%)} -> 6522.11
A8: E0007 | B8: Sara | C8: Ghosh | D8: Male | E8: 52 | F8: D05 | G8: Analyst | H8: 44219 | I8: 106626 | J8: Pune | K8: sara.ghosh7@example.com | L8: Active | M8: =_xlfn.XLOOKUP(F8,Department!$A$2:$A$6,Department!$B$2:$B$6) -> Marketing | N8: =_xlfn.XLOOKUP(A8,Performance!$A$2:$A$501,Performance!$C$2:$C$501) -> 2 | O8: {=_xlfn.IFS(N8=5,I8*15%,N8=4,I8*10%,N8=3,I8*7%,N8<3,I8*5%)} -> 5331.3
A9: E0008 | B9: John | C9: Dutta | D9: Female | E9: 42 | F9: D02 | G9: Manager | H9: 43978 | I9: 114547 | J9: Delhi | K9: john.dutta8@example.com | L9: Inactive | M9: =_xlfn.XLOOKUP(F9,Department!$A$2:$A$6,Department!$B$2:$B$6) -> Finance | N9: =_xlfn.XLOOKUP(A9,Performance!$A$2:$A$501,Performance!$C$2:$C$501) -> 1 | O9: {=_xlfn.IFS(N9=5,I9*15%,N9=4,I9*10%,N9=3,I9*7%,N9<3,I9*5%)} -> 5727.35
A10: E0009 | B10: John | C10: Singh | D10: Female | E10: 40 | F10: D01 | G10: Coordinator | H10: 44681 | I10: 51139 | J10: Bengaluru | K10: john.singh9@example.com | L10: Inactive | M10: =_xlfn.XLOOKUP(F10,Department!$A$2:$A$6,Department!$B$2:$B$6) -> HR | N10: =_xlfn.XLOOKUP(A10,Performance!$A$2:$A$501,Performance!$C$2:$C$501) -> 4 | O10: {=_xlfn.IFS(N10=5,I10*15%,N10=4,I10*10%,N10=3,I10*7%,N10<3,I10*5%)} -> 5113.9
A11: E0010 | B11: Amit | C11: Roy | D11: Female | E11: 25 | F11: D05 | G11: Analyst | H11: 43457 | I11: 60673 | J11: Bengaluru | K11: amit.roy10@example.com | L11: Inactive | M11: =_xlfn.XLOOKUP(F11,Department!$A$2:$A$6,Department!$B$2:$B$6) -> Marketing | N11: =_xlfn.XLOOKUP(A11,Performance!$A$2:$A$501,Performance!$C$2:$C$501) -> 5 | O11: {=_xlfn.IFS(N11=5,I11*15%,N11=4,I11*10%,N11=3,I11*7%,N11<3,I11*5%)} -> 9100.95
A12: E0011 | B12: Anita | C12: Roy | D12: Female | E12: 25 | F12: D05 | G12: Coordinator | H12: 44356 | I12: 65690 | J12: Kolkata | K12: anita.roy11@example.com | L12: Inactive | M12: =_xlfn.XLOOKUP(F12,Department!$A$2:$A$6,Department!$B$2:$B$6) -> Marketing | N12: =_xlfn.XLOOKUP(A12,Performance!$A$2:$A$501,Performance!$C$2:$C$501) -> 3 | O12: {=_xlfn.IFS(N12=5,I12*15%,N12=4,I12*10%,N12=3,I12*7%,N12<3,I12*5%)} -> 4598.3
A13: E0012 | B13: Rohit | C13: Ghosh | D13: Male | E13: 49 | F13: D03 | G13: Executive | H13: 43520 | I13: 63823 | J13: Bengaluru | K13: rohit.ghosh12@example.com | L13: Active | M13: =_xlfn.XLOOKUP(F13,Department!$A$2:$A$6,Department!$B$2:$B$6) -> IT | N13: =_xlfn.XLOOKUP(A13,Performance!$A$2:$A$501,Performance!$C$2:$C$501) -> 2 | O13: {=_xlfn.IFS(N13=5,I13*15%,N13=4,I13*10%,N13=3,I13*7%,N13<3,I13*5%)} -> 3191.15
... A501: E0500 | B501: David | C501: Singh | D501: Male | E501: 58 | F501: D05 | G501: Executive | H501: 44211 | I501: 42662 | J501: Bengaluru | K501: david.singh500@example.com | L501: Active | M501: =_xlfn.XLOOKUP(F501,Department!$A$2:$A$6,Department!$B$2:$B$6) -> Marketing | N501: =_xlfn.XLOOKUP(A501,Performance!$A$2:$A$501,Performance!$C$2:$C$501) -> 3 | O501: {=_xlfn.IFS(N501=5,I501*15%,N501=4,I501*10%,N501=3,I501*7%,N501<3,I501*5%)} -> 2986.34

Sheet Question 7
A1: EmployeeID | B1: FirstName | C1: LastName | D1: Gender | E1: Age | F1: DepartmentID | G1: JobTitle | H1: HireDate | I1: Salary | J1: City | K1: Email | L1: Status | M1: Department (XLook) | N1: Rating | O1: Bonus
A2: E0001 | B2: Amit | C2: Dutta | D2: Female | E2: 30 | F2: D01 | G2: Analyst | H2: 43517 | I2: 105257 | J2: Kolkata | K2: amit.dutta1@example.com | L2: Active | M2: =_xlfn.XLOOKUP(F2,Department!$A$2:$A$6,Department!$B$2:$B$6) -> HR | N2: =_xlfn.XLOOKUP(A2,Performance!$A$2:$A$501,Performance!$C$2:$C$501) -> 1 | O2: {=_xlfn.IFS(N2=5,I2*15%,N2=4,I2*10%,N2=3,I2*7%,N2<3,I2*5%)} -> 5262.85 | Q2: Conditional Formatting > Use formula =$H2<DATE(2020.1.1)
A3: E0002 | B3: Amit | C3: Roy | D3: Male | E3: 48 | F3: D03 | G3: Executive | H3: 44548 | I3: 97903 | J3: Kolkata | K3: amit.roy2@example.com | L3: Active | M3: =_xlfn.XLOOKUP(F3,Department!$A$2:$A$6,Department!$B$2:$B$6) -> IT | N3: =_xlfn.XLOOKUP(A3,Performance!$A$2:$A$501,Performance!$C$2:$C$501) -> 4 | O3: {=_xlfn.IFS(N3=5,I3*15%,N3=4,I3*10%,N3=3,I3*7%,N3<3,I3*5%)} -> 9790.3
A4: E0003 | B4: Rohit | C4: Roy | D4: Male | E4: 48 | F4: D04 | G4: Coordinator | H4: 44037 | I4: 73429 | J4: Pune | K4: rohit.roy3@example.com | L4: Inactive | M4: =_xlfn.XLOOKUP(F4,Department!$A$2:$A$6,Department!$B$2:$B$6) -> Sales | N4: =_xlfn.XLOOKUP(A4,Performance!$A$2:$A$501,Performance!$C$2:$C$501) -> 2 | O4: {=_xlfn.IFS(N4=5,I4*15%,N4=4,I4*10%,N4=3,I4*7%,N4<3,I4*5%)} -> 3671.45
A5: E0004 | B5: David | C5: Dutta | D5: Female | E5: 50 | F5: D05 | G5: Manager | H5: 44413 | I5: 99336 | J5: Pune | K5: david.dutta4@example.com | L5: Active | M5: =_xlfn.XLOOKUP(F5,Department!$A$2:$A$6,Department!$B$2:$B$6) -> Marketing | N5: =_xlfn.XLOOKUP(A5,Performance!$A$2:$A$501,Performance!$C$2:$C$501) -> 4 | O5: {=_xlfn.IFS(N5=5,I5*15%,N5=4,I5*10%,N5=3,I5*7%,N5<3,I5*5%)} -> 9933.6
A6: E0005 | B6: Jane | C6: Ghosh | D6: Male | E6: 60 | F6: D01 | G6: Coordinator | H6: 43990 | I6: 105020 | J6: Pune | K6: jane.ghosh5@example.com | L6: Active | M6: =_xlfn.XLOOKUP(F6,Department!$A$2:$A$6,Department!$B$2:$B$6) -> HR | N6: =_xlfn.XLOOKUP(A6,Performance!$A$2:$A$501,Performance!$C$2:$C$501) -> 2 | O6: {=_xlfn.IFS(N6=5,I6*15%,N6=4,I6*10%,N6=3,I6*7%,N6<3,I6*5%)} -> 5251
A7: E0006 | B7: Rahul | C7: Dutta | D7: Male | E7: 33 | F7: D02 | G7: Coordinator | H7: 43681 | I7: 93173 | J7: Pune | K7: rahul.dutta6@example.com | L7: Active | M7: =_xlfn.XLOOKUP(F7,Department!$A$2:$A$6,Department!$B$2:$B$6) -> Finance | N7: =_xlfn.XLOOKUP(A7,Performance!$A$2:$A$501,Performance!$C$2:$C$501) -> 3 | O7: {=_xlfn.IFS(N7=5,I7*15%,N7=4,I7*10%,N7=3,I7*7%,N7<3,I7*5%)} -> 6522.11
A8: E0007 | B8: Sara | C8: Ghosh | D8: Male | E8: 52 | F8: D05 | G8: Analyst | H8: 44219 | I8: 106626 | J8: Pune | K8: sara.ghosh7@example.com | L8: Active | M8: =_xlfn.XLOOKUP(F8,Department!$A$2:$A$6,Department!$B$2:$B$6) -> Marketing | N8: =_xlfn.XLOOKUP(A8,Performance!$A$2:$A$501,Performance!$C$2:$C$501) -> 2 | O8: {=_xlfn.IFS(N8=5,I8*15%,N8=4,I8*10%,N8=3,I8*7%,N8<3,I8*5%)} -> 5331.3
A9: E0008 | B9: John | C9: Dutta | D9: Female | E9: 42 | F9: D02 | G9: Manager | H9: 43978 | I9: 114547 | J9: Delhi | K9: john.dutta8@example.com | L9: Inactive | M9: =_xlfn.XLOOKUP(F9,Department!$A$2:$A$6,Department!$B$2:$B$6) -> Finance | N9: =_xlfn.XLOOKUP(A9,Performance!$A$2:$A$501,Performance!$C$2:$C$501) -> 1 | O9: {=_xlfn.IFS(N9=5,I9*15%,N9=4,I9*10%,N9=3,I9*7%,N9<3,I9*5%)} -> 5727.35
A10: E0009 | B10: John | C10: Singh | D10: Female | E10: 40 | F10: D01 | G10: Coordinator | H10: 44681 | I10: 51139 | J10: Bengaluru | K10: john.singh9@example.com | L10: Inactive | M10: =_xlfn.XLOOKUP(F10,Department!$A$2:$A$6,Department!$B$2:$B$6) -> HR | N10: =_xlfn.XLOOKUP(A10,Performance!$A$2:$A$501,Performance!$C$2:$C$501) -> 4 | O10: {=_xlfn.IFS(N10=5,I10*15%,N10=4,I10*10%,N10=3,I10*7%,N10<3,I10*5%)} -> 5113.9
A11: E0010 | B11: Amit | C11: Roy | D11: Female | E11: 25 | F11: D05 | G11: Analyst | H11: 43457 | I11: 60673 | J11: Bengaluru | K11: amit.roy10@example.com | L11: Inactive | M11: =_xlfn.XLOOKUP(F11,Department!$A$2:$A$6,Department!$B$2:$B$6) -> Marketing | N11: =_xlfn.XLOOKUP(A11,Performance!$A$2:$A$501,Performance!$C$2:$C$501) -> 5 | O11: {=_xlfn.IFS(N11=5,I11*15%,N11=4,I11*10%,N11=3,I11*7%,N11<3,I11*5%)} -> 9100.95
A12: E0011 | B12: Anita | C12: Roy | D12: Female | E12: 25 | F12: D05 | G12: Coordinator | H12: 44356 | I12: 65690 | J12: Kolkata | K12: anita.roy11@example.com | L12: Inactive | M12: =_xlfn.XLOOKUP(F12,Department!$A$2:$A$6,Department!$B$2:$B$6) -> Marketing | N12: =_xlfn.XLOOKUP(A12,Performance!$A$2:$A$501,Performance!$C$2:$C$501) -> 3 | O12: {=_xlfn.IFS(N12=5,I12*15%,N12=4,I12*10%,N12=3,I12*7%,N12<3,I12*5%)} -> 4598.3
A13: E0012 | B13: Rohit | C13: Ghosh | D13: Male | E13: 49 | F13: D03 | G13: Executive | H13: 43520 | I13: 63823 | J13: Bengaluru | K13: rohit.ghosh12@example.com | L13: Active | M13: =_xlfn.XLOOKUP(F13,Department!$A$2:$A$6,Department!$B$2:$B$6) -> IT | N13: =_xlfn.XLOOKUP(A13,Performance!$A$2:$A$501,Performance!$C$2:$C$501) -> 2 | O13: {=_xlfn.IFS(N13=5,I13*15%,N13=4,I13*10%,N13=3,I13*7%,N13<3,I13*5%)} -> 3191.15
A14: E0013 | B14: Rohit | C14: Khan | D14: Female | E14: 56 | F14: D05 | G14: Analyst | H14: 44651 | I14: 49557 | J14: Mumbai | K14: rohit.khan13@example.com | L14: Inactive | M14: =_xlfn.XLOOKUP(F14,Department!$A$2:$A$6,Department!$B$2:$B$6) -> Marketing | N14: =_xlfn.XLOOKUP(A14,Performance!$A$2:$A$501,Performance!$C$2:$C$501) -> 3 | O14: {=_xlfn.IFS(N14=5,I14*15%,N14=4,I14*10%,N14=3,I14*7%,N14<3,I14*5%)} -> 3468.99
... A501: E0500 | B501: David | C501: Singh | D501: Male | E501: 58 | F501: D05 | G501: Executive | H501: 44211 | I501: 42662 | J501: Bengaluru | K501: david.singh500@example.com | L501: Active | M501: =_xlfn.XLOOKUP(F501,Department!$A$2:$A$6,Department!$B$2:$B$6) -> Marketing | N501: =_xlfn.XLOOKUP(A501,Performance!$A$2:$A$501,Performance!$C$2:$C$501) -> 3 | O501: {=_xlfn.IFS(N501=5,I501*15%,N501=4,I501*10%,N501=3,I501*7%,N501<3,I501*5%)} -> 2986.34

Sheet Question 8 (Filter)
A1: EmployeeID | B1: FirstName | C1: LastName | D1: Gender | E1: Age | F1: DepartmentID | G1: JobTitle | H1: HireDate | I1: Salary | J1: City | K1: Email | L1: Status
A2: E0001 | B2: Amit | C2: Dutta | D2: Female | E2: 30 | F2: D01 | G2: Analyst | H2: 43517 | I2: 105257 | J2: Kolkata | K2: amit.dutta1@example.com | L2: Active
A3: E0024 | B3: Jane | C3: Singh | D3: Male | E3: 35 | F3: D02 | G3: Analyst | H3: 43624 | I3: 79578 | J3: Kolkata | K3: jane.singh24@example.com | L3: Inactive
A4: E0107 | B4: Neha | C4: Singh | D4: Male | E4: 27 | F4: D04 | G4: Analyst | H4: 43582 | I4: 90958 | J4: Kolkata | K4: neha.singh107@example.com | L4: Inactive
A5: E0118 | B5: Neha | C5: Khan | D5: Male | E5: 24 | F5: D04 | G5: Analyst | H5: 44746 | I5: 99200 | J5: Kolkata | K5: neha.khan118@example.com | L5: Inactive
A6: E0167 | B6: David | C6: Khan | D6: Male | E6: 41 | F6: D05 | G6: Analyst | H6: 43425 | I6: 45748 | J6: Kolkata | K6: david.khan167@example.com | L6: Inactive
A7: E0183 | B7: Anita | C7: Sen | D7: Male | E7: 60 | F7: D04 | G7: Analyst | H7: 45463 | I7: 111243 | J7: Kolkata | K7: anita.sen183@example.com | L7: Active
A8: E0185 | B8: Neha | C8: Ghosh | D8: Male | E8: 35 | F8: D05 | G8: Analyst | H8: 45478 | I8: 71247 | J8: Kolkata | K8: neha.ghosh185@example.com | L8: Inactive
A9: E0264 | B9: Priya | C9: Das | D9: Female | E9: 44 | F9: D03 | G9: Analyst | H9: 43183 | I9: 97265 | J9: Kolkata | K9: priya.das264@example.com | L9: Active
A10: E0311 | B10: Sara | C10: Roy | D10: Female | E10: 27 | F10: D02 | G10: Analyst | H10: 43322 | I10: 86048 | J10: Kolkata | K10: sara.roy311@example.com | L10: Active
A11: E0319 | B11: David | C11: Smith | D11: Female | E11: 53 | F11: D04 | G11: Analyst | H11: 44038 | I11: 50653 | J11: Kolkata | K11: david.smith319@example.com | L11: Inactive
A12: E0362 | B12: Anita | C12: Dutta | D12: Male | E12: 60 | F12: D01 | G12: Analyst | H12: 45444 | I12: 117041 | J12: Kolkata | K12: anita.dutta362@example.com | L12: Inactive
A13: E0367 | B13: Sara | C13: Khan | D13: Male | E13: 42 | F13: D03 | G13: Analyst | H13: 43599 | I13: 106833 | J13: Kolkata | K13: sara.khan367@example.com | L13: Inactive
... A18: E0424 | B18: Amit | C18: Singh | D18: Female | E18: 24 | F18: D04 | G18: Analyst | H18: 43645 | I18: 57088 | J18: Kolkata | K18: amit.singh424@example.com | L18: Active
