Workbook
Name Orders: Orders!$B$1:$C$8
Name products: Products!$A$3:$C$9

Sheet Products
A1: VLOOKUP EXERCISES
A2: Products | D2: Assignment answers
A3: ProductID | B3: Product | C3: Price | D3: Status (Q.6)
A4: 101 | B4: Product A | C4: 120 | D4: =IF(ISNA(VLOOKUP(A4,Orders!$B$3:$B$8,1,0)),"Not Ordered","Ordered") -> Ordered
A5: 102 | B5: Product B | C5: 150 | D5: =IF(ISNA(VLOOKUP(A5,Orders!$B$3:$B$8,1,0)),"Not Ordered","Ordered") -> Ordered
A6: 103 | B6: Product C | C6: 200 | D6: =IF(ISNA(VLOOKUP(A6,Orders!$B$3:$B$8,1,0)),"Not Ordered","Ordered") -> Ordered
A7: 104 | B7: Product D | C7: 90 | D7: =IF(ISNA(VLOOKUP(A7,Orders!$B$3:$B$8,1,0)),"Not Ordered","Ordered") -> Ordered
A8: 105 | B8: Product E | C8: 220 | D8: =IF(ISNA(VLOOKUP(A8,Orders!$B$3:$B$8,1,0)),"Not Ordered","Ordered") -> Ordered
A9: 106 | B9: Product F | C9: 130 | D9: =IF(ISNA(VLOOKUP(A9,Orders!$B$3:$B$8,1,0)),"Not Ordered","Ordered") -> Ordered

Sheet Orders
A1: Orders | D1: ASSIGNMENT SOLUTIONS
A2: OrderID | B2: ProductID | C2: Quantity | D2: Product Names | E2: Price | F2: Total Price | G2: Product Present/Not | H2: Original Price | I2: Discounted Price | J2: Order Value | K2: Product Name | L2: Total Quantity Sold
A3: 1 | B3: 101 | C3: 2 | D3: =VLOOKUP(B3,Products!$A$3:$B$9,2,0) -> Product A | E3: =VLOOKUP(B3,Products!$A$4:$C$9,3,0) -> 120 | F3: =C3*E3 -> 240 | G3: =IF(ISNA(VLOOKUP(B3,Products!$A$3:$A$9,1,0)),"No","Yes") -> Yes | H3: =VLOOKUP(B3,Products!$A$4:$C$9,3,0) -> 120 | I3: =H3*90% -> 108 | J3: =F3-I3 -> 132 | K3: =VLOOKUP(B3,Products!$A$3:$B$9,2,0) -> Product A | L3: =SUMIF(B3:B8,B3,C3:C8) -> 2
A4: 2 | B4: 103 | C4: 1 | D4: =VLOOKUP(B4,Products!$A$3:$B$9,2,0) -> Product C | E4: =VLOOKUP(B4,Products!$A$4:$C$9,3,0) -> 200 | F4: =C4*E4 -> 200 | G4: =IF(ISNA(VLOOKUP(B4,Products!$A$3:$A$9,1,0)),"No","Yes") -> Yes | H4: =VLOOKUP(B4,Products!$A$4:$C$9,3,0) -> 200 | I4: =H4*90% -> 180 | J4: =F4-I4 -> 20 | K4: =VLOOKUP(B4,Products!$A$3:$B$9,2,0) -> Product C | L4: =SUMIF(B4:B9,B4,C4:C9) -> 1
A5: 3 | B5: 105 | C5: 4 | D5: =VLOOKUP(B5,Products!$A$3:$B$9,2,0) -> Product E | E5: =VLOOKUP(B5,Products!$A$4:$C$9,3,0) -> 220 | F5: =C5*E5 -> 880 | G5: =IF(ISNA(VLOOKUP(B5,Products!$A$3:$A$9,1,0)),"No","Yes") -> Yes | H5: =VLOOKUP(B5,Products!$A$4:$C$9,3,0) -> 220 | I5: =H5*90% -> 198 | J5: =F5-I5 -> 682 | K5: =VLOOKUP(B5,Products!$A$3:$B$9,2,0) -> Product E | L5: =SUMIF(B5:B10,B5,C5:C10) -> 4
A6: 4 | B6: 106 | C6: 3 | D6: =VLOOKUP(B6,Products!$A$3:$B$9,2,0) -> Product F | E6: =VLOOKUP(B6,Products!$A$4:$C$9,3,0) -> 130 | F6: =C6*E6 -> 390 | G6: =IF(ISNA(VLOOKUP(B6,Products!$A$3:$A$9,1,0)),"No","Yes") -> Yes | H6: =VLOOKUP(B6,Products!$A$4:$C$9,3,0) -> 130 | I6: =H6*90% -> 117 | J6: =F6-I6 -> 273 | K6: =VLOOKUP(B6,Products!$A$3:$B$9,2,0) -> Product F | L6: =SUMIF(B6:B11,B6,C6:C11) -> 3
A7: 5 | B7: 102 | C7: 5 | D7: =VLOOKUP(B7,Products!$A$3:$B$9,2,0) -> Product B | E7: =VLOOKUP(B7,Products!$A$4:$C$9,3,0) -> 150 | F7: =C7*E7 -> 750 | G7: =IF(ISNA(VLOOKUP(B7,Products!$A$3:$A$9,1,0)),"No","Yes") -> Yes | H7: =VLOOKUP(B7,Products!$A$4:$C$9,3,0) -> 150 | I7: =H7*90% -> 135 | J7: =F7-I7 -> 615 | K7: =VLOOKUP(B7,Products!$A$3:$B$9,2,0) -> Product B | L7: =SUMIF(B7:B12,B7,C7:C12) -> 5
A8: 6 | B8: 104 | C8: 6 | D8: =VLOOKUP(B8,Products!$A$3:$B$9,2,0) -> Product D | E8: =VLOOKUP(B8,Products!$A$4:$C$9,3,0) -> 90 | F8: =C8*E8 -> 540 | G8: =IF(ISNA(VLOOKUP(B8,Products!$A$3:$A$9,1,0)),"No","Yes") -> Yes | H8: =VLOOKUP(B8,Products!$A$4:$C$9,3,0) -> 90 | I8: =H8*90% -> 81 | J8: =F8-I8 -> 459 | K8: =VLOOKUP(B8,Products!$A$3:$B$9,2,0) -> Product D | L8: =SUMIF(B8:B13,B8,C8:C13) -> 6
A10: QUESTIONS
A11: 1. Use VLOOKUP to find the product names for each ProductID in the Orders worksheet.
A12: 2. Use VLOOKUP to find the price for each ProductID in the Orders worksheet, then calculate the TotalPrice by multiplying the Quantity by the Product Price.
A13: 3. Use VLOOKUP to check if there are any ProductIDs in the Orders worksheet that do not exist in the Products worksheet.
A14: 4. Assume a discount of 10% is given on all products. Use VLOOKUP to find the original price and then calculate the discounted price.
A15: 5. Use VLOOKUP to find the price for each ProductID and then calculate the order value. Find the maximum order value from the list.
A16: Maximum Order Value
A17: =MAX(J3:J8) -> 682
A18: 6. Use VLOOKUP to find out which products from the Products worksheet have not been ordered.
A19: 7. Use VLOOKUP to find the Product Name and summarize the total quantity sold for each product.
